<?xml version="1.0" encoding="UTF-8"?>
<!-- /*
    hermine - heritage-expedition, rubble-management & intuitive nametag excavation
    Copyright © 2017 Webthinker <https://www.webthinker.de/> (Alexander Kunz, Patrick Werner, Tobias Grass)
    Concept by Jäger Ingenieure GmbH <https://www.jaeger-ingenieure.de/> (Kay-Michael Müller)
    Sponsored by the research initiative "ZukunftBau" <https://www.forschungsinitiative.de/> of the "Federal Institute for Research on Building, Urban Affairs and Spatial Development" <https://www.bbsr.bund.de/>
    You are not permitted to remove or edit this or any other copyright or licence information.

    This file is part of hermine.

    hermine is free software: you can redistribute it and/or modify
    it under the terms of the GNU Affero General Public License as published by
    the Free Software Foundation version 3 of the License.

    hermine is distributed in the hope that it will be useful,
    but WITHOUT ANY WARRANTY; without even the implied warranty of
    MERCHANTABILITY or FITNESS FOR A PARTICULAR PURPOSE.
    See the GNU Affero General Public License for more details.

    You should have received a copy of the GNU  Affero General Public License
    along with hermine.  If not, see <https://www.gnu.org/licenses/>. 
*/  -->
<modules>
	<module name="Persons" directory="person" class="PersonModule" />
	<module name="authentication" directory="auth" class="AuthenticationModule" />
	<module name="ajax" directory="ajax" class="AjaxModule" />
	<module name="files" directory="files" class="FilesModule" />
	<module name="home" directory="home" class="HomeModule" />
</modules>
